Cpt;Half-time [sec];M_slope;M0
1b;300;1.7928;2.965704
2;480;1.5352;2.535936
3;750;1.3847;2.249424
4;1110;1.2780;2.036064
5;1620;1.2306;1.853184
6;2298;1.1857;1.694688
7;3258;1.1504;1.594104
8;4620;1.1223;1.527048
9;6540;1.0999;1.47828
10;8760;1.0844;1.438656
11;11220;1.0731;1.405128
12;14340;1.0635;1.374648
13;18300;1.0552;1.344168
14;23400;1.0478;1.313688
15;29880;1.0414;1.292352
16;38100;1.0359;1.274064
